{
  "_generated": "Generated by SweetTooth, do not edit",
  "description": "A dock for the Gnome Shell. This extension moves the dash out of the overview transforming it in a dock for an easier launching of applications and a faster switching between windows and desktops. Side and bottom placement options are available.",
  "gettext-domain": "dashtodock",
  "name": "Dash to Dock",
  "original-author": "micxgx@gmail.com",
  "shell-version": [
    "3.36"
  ],
  "url": "https://micheleg.github.io/dash-to-dock/",
  "uuid": "dash-to-dock@micxgx.gmail.com",
  "version": 68
}